CN,certs
0fed4fd7-651c-4242-a2fb-a61b009f12b5,"-----BEGIN CERTIFICATE-----
MIICBTCCAaugAwIBAgIUXQ3JAJ2LiWxgLo9NaViT3MhPrlYwCgYIKoZIzj0EAwIw
RjEYMBYGA1UEAwwPTWF0dGVyIFRlc3QgUEFJMRQwEgYKKwYBBAGConwCAQwERkZG
MjEUMBIGCisGAQQBgqJ8AgIMBDgwMDEwIBcNMjYwNzAyMTExOTMwWhgPMjEyNjA2
MDgxMTE5MzBaMFsxLTArBgNVBAMMJDBmZWQ0ZmQ3LTY1MWMtNDI0Mi1hMmZiLWE2
MWIwMDlmMTJiNTEUMBIGCisGAQQBgqJ8AgEMBEZGRjIxFDASBgorBgEEAYKifAIC
DAQ4MDAxMFkwEwYHKoZIzj0CAQYIKoZIzj0DAQcDQgAE7/Vzmpm9zQlzGbk3/Flp
xDa7XcMFM6cCw1oSkW7vl1hwLZfo5LIOM+5KcHSPv3eR8Xy6cy2XSNwQy8K2de1I
w6NgMF4wDAYDVR0TAQH/BAIwADAOBgNVHQ8BAf8EBAMCB4AwHQYDVR0OBBYEFBQ0
rcCM+FbuLvoVvO0ALV61ekENMB8GA1UdIwQYMBaAFNBam2dxoaN6m8Gdlei1249D
ALY6MAoGCCqGSM49BAMCA0gAMEUCIAc6s1mejh/qVamle2fb0UC/igGzm4nC8DI4
sgnK+yuzAiEAoGVwSpf4xFjEaAWxCOKm+wIA0kilx9XFlvcJD21KQ0w=
-----END CERTIFICATE-----
"
1dd03786-9bd5-4f48-b79d-c995dbfa9873,"-----BEGIN CERTIFICATE-----
MIICBDCCAaugAwIBAgIUYE3GiztXXt7+wX5zn+CTaMqEj0gwCgYIKoZIzj0EAwIw
RjEYMBYGA1UEAwwPTWF0dGVyIFRlc3QgUEFJMRQwEgYKKwYBBAGConwCAQwERkZG
MjEUMBIGCisGAQQBgqJ8AgIMBDgwMDEwIBcNMjYwNzAyMTExOTMwWhgPMjEyNjA2
MDgxMTE5MzBaMFsxLTArBgNVBAMMJDFkZDAzNzg2LTliZDUtNGY0OC1iNzlkLWM5
OTVkYmZhOTg3MzEUMBIGCisGAQQBgqJ8AgEMBEZGRjIxFDASBgorBgEEAYKifAIC
DAQ4MDAxMFkwEwYHKoZIzj0CAQYIKoZIzj0DAQcDQgAEhTBG8a1JuAJOjlAol+bx
94duYT8QCu6RaoVRxLgusoIyibGtxJ5LM3IwgyYfTUyDeyzPqZlNeguaBnH0PWqt
ZaNgMF4wDAYDVR0TAQH/BAIwADAOBgNVHQ8BAf8EBAMCB4AwHQYDVR0OBBYEFKvl
KPCe2+fF4u/8K591Mx71YejKMB8GA1UdIwQYMBaAFNBam2dxoaN6m8Gdlei1249D
ALY6MAoGCCqGSM49BAMCA0cAMEQCIAP7pbH0yAiJYPXr1ibJyjJa98ZLMsSkjnr5
EDM2/sUUAiAbCdFoasqtdQkG8wZXQid4vrkjz7YjRpgJSezAS/Z9Yw==
-----END CERTIFICATE-----
"
5fcabcc4-6b12-4fba-80e4-93a7d4a73118,"-----BEGIN CERTIFICATE-----
MIICBDCCAaugAwIBAgIUFzWjVbxRhRG5MBNl6PWxsurwkVkwCgYIKoZIzj0EAwIw
RjEYMBYGA1UEAwwPTWF0dGVyIFRlc3QgUEFJMRQwEgYKKwYBBAGConwCAQwERkZG
MjEUMBIGCisGAQQBgqJ8AgIMBDgwMDEwIBcNMjYwNzAyMTExOTMwWhgPMjEyNjA2
MDgxMTE5MzBaMFsxLTArBgNVBAMMJDVmY2FiY2M0LTZiMTItNGZiYS04MGU0LTkz
YTdkNGE3MzExODEUMBIGCisGAQQBgqJ8AgEMBEZGRjIxFDASBgorBgEEAYKifAIC
DAQ4MDAxMFkwEwYHKoZIzj0CAQYIKoZIzj0DAQcDQgAEGUaPpLdzC52pbAKQy1U4
zKJ32Onp4pt63VT/O3L3+z0+ozEvK5OLWr+fy0zYf2RNgmhBIDM7BbQozZwCvxE9
06NgMF4wDAYDVR0TAQH/BAIwADAOBgNVHQ8BAf8EBAMCB4AwHQYDVR0OBBYEFF9a
FqCROkMDAAQOlqJq109abEikMB8GA1UdIwQYMBaAFNBam2dxoaN6m8Gdlei1249D
ALY6MAoGCCqGSM49BAMCA0cAMEQCID+WI6tyH/Oe9fT/vzCDzTQSqbFkHxnUujeO
nXqgF88QAiAJ4OCpfaZRtw5m35HEGPTylvTcYBFPMuAJ8dhAy3ZwCw==
-----END CERTIFICATE-----
"
060cdf6f-d75f-4837-9874-0b9fe5d007fc,"-----BEGIN CERTIFICATE-----
MIICBTCCAaugAwIBAgIUX6c7wPb3fGYSQPr0CYA4LboBLhswCgYIKoZIzj0EAwIw
RjEYMBYGA1UEAwwPTWF0dGVyIFRlc3QgUEFJMRQwEgYKKwYBBAGConwCAQwERkZG
MjEUMBIGCisGAQQBgqJ8AgIMBDgwMDEwIBcNMjYwNzAyMTExOTMwWhgPMjEyNjA2
MDgxMTE5MzBaMFsxLTArBgNVBAMMJDA2MGNkZjZmLWQ3NWYtNDgzNy05ODc0LTBi
OWZlNWQwMDdmYzEUMBIGCisGAQQBgqJ8AgEMBEZGRjIxFDASBgorBgEEAYKifAIC
DAQ4MDAxMFkwEwYHKoZIzj0CAQYIKoZIzj0DAQcDQgAEFZIJYiLuHUXUXltQXi1M
IxQg7LFKI0wkVR98HtUk1pRA6/5sCyZlxKIeDHAi5eKpgID9thGUoD+p+rP1c1KA
bKNgMF4wDAYDVR0TAQH/BAIwADAOBgNVHQ8BAf8EBAMCB4AwHQYDVR0OBBYEFNjb
0bXVPN0xthbNSs2rn0j0VmCyMB8GA1UdIwQYMBaAFNBam2dxoaN6m8Gdlei1249D
ALY6MAoGCCqGSM49BAMCA0gAMEUCIDfPSR9weQxW4Wm3q2tvfOclBOVJzxGN78z1
qk5Uk4NDAiEAyktMSwwmHROp7Qzo1P0MnhB3lfpjeS5xZ3KKg9dSqBs=
-----END CERTIFICATE-----
"
a09bf960-13a7-4094-88da-9612e16d9c24,"-----BEGIN CERTIFICATE-----
MIICBTCCAaugAwIBAgIUP86Lpym69F7I5SGEpiGbsAH8BKswCgYIKoZIzj0EAwIw
RjEYMBYGA1UEAwwPTWF0dGVyIFRlc3QgUEFJMRQwEgYKKwYBBAGConwCAQwERkZG
MjEUMBIGCisGAQQBgqJ8AgIMBDgwMDEwIBcNMjYwNzAyMTExOTMxWhgPMjEyNjA2
MDgxMTE5MzFaMFsxLTArBgNVBAMMJGEwOWJmOTYwLTEzYTctNDA5NC04OGRhLTk2
MTJlMTZkOWMyNDEUMBIGCisGAQQBgqJ8AgEMBEZGRjIxFDASBgorBgEEAYKifAIC
DAQ4MDAxMFkwEwYHKoZIzj0CAQYIKoZIzj0DAQcDQgAEzetZvqVizl3SOLazQrHb
kBJtwm0OzBv54J3bPIL8XoTgSIcaAUCxXAbeeBbeEFAVuHTfF7jKJHWVxAdtz1YX
H6NgMF4wDAYDVR0TAQH/BAIwADAOBgNVHQ8BAf8EBAMCB4AwHQYDVR0OBBYEFFGc
NRkYqoqvJ561xNj6O4P8kPnWMB8GA1UdIwQYMBaAFNBam2dxoaN6m8Gdlei1249D
ALY6MAoGCCqGSM49BAMCA0gAMEUCIQD64qIo7eBiR7Ps2ZeDoFvCwMfom7EJu2UI
zpQ0/BPncQIgWwQV1JLj6ho/wRs2jR+3pgnSImSfqwS4mpiyFmO+JYQ=
-----END CERTIFICATE-----
"
4259335b-0264-4fb3-bfde-0fe65de0f27e,"-----BEGIN CERTIFICATE-----
MIICBTCCAaugAwIBAgIUe3hOBhWXDPh6lCtJZYBlu0oOAfcwCgYIKoZIzj0EAwIw
RjEYMBYGA1UEAwwPTWF0dGVyIFRlc3QgUEFJMRQwEgYKKwYBBAGConwCAQwERkZG
MjEUMBIGCisGAQQBgqJ8AgIMBDgwMDEwIBcNMjYwNzAyMTExOTMxWhgPMjEyNjA2
MDgxMTE5MzFaMFsxLTArBgNVBAMMJDQyNTkzMzViLTAyNjQtNGZiMy1iZmRlLTBm
ZTY1ZGUwZjI3ZTEUMBIGCisGAQQBgqJ8AgEMBEZGRjIxFDASBgorBgEEAYKifAIC
DAQ4MDAxMFkwEwYHKoZIzj0CAQYIKoZIzj0DAQcDQgAEpkTVzvoxU+cWYF//oQKA
GgsO8q3kCffgL2YY+0kB/ViqoA5jhmOByF0Q6egYXyVxT41kBsYOg9N7tTK+xnOn
sKNgMF4wDAYDVR0TAQH/BAIwADAOBgNVHQ8BAf8EBAMCB4AwHQYDVR0OBBYEFCiA
DXAxufD0UfSk2Z+nXjgW26GVMB8GA1UdIwQYMBaAFNBam2dxoaN6m8Gdlei1249D
ALY6MAoGCCqGSM49BAMCA0gAMEUCIQC4j3gPcwGZlqEAvcczuUxIkTS1R61E+3O0
pISuO/Mm7QIgDet/hLaRusf0edx/Lp6GMqfdUZX8htkksEK0ER42vOY=
-----END CERTIFICATE-----
"
b3a3e94c-43de-4652-8993-df9f857b70d3,"-----BEGIN CERTIFICATE-----
MIICBDCCAaugAwIBAgIUBz7d7wMhK1wONugDTbrFhMmWqk8wCgYIKoZIzj0EAwIw
RjEYMBYGA1UEAwwPTWF0dGVyIFRlc3QgUEFJMRQwEgYKKwYBBAGConwCAQwERkZG
MjEUMBIGCisGAQQBgqJ8AgIMBDgwMDEwIBcNMjYwNzAyMTExOTMxWhgPMjEyNjA2
MDgxMTE5MzFaMFsxLTArBgNVBAMMJGIzYTNlOTRjLTQzZGUtNDY1Mi04OTkzLWRm
OWY4NTdiNzBkMzEUMBIGCisGAQQBgqJ8AgEMBEZGRjIxFDASBgorBgEEAYKifAIC
DAQ4MDAxMFkwEwYHKoZIzj0CAQYIKoZIzj0DAQcDQgAE6xzTytptrp0u1aLXpnW/
xVvRMrHwvteuO/Ht9kjLjwm272Ld26QV6zTNCGqSAldDcF9N/Xs8arodZ4H8S4M2
ZKNgMF4wDAYDVR0TAQH/BAIwADAOBgNVHQ8BAf8EBAMCB4AwHQYDVR0OBBYEFOZi
RkDv6JtsIGnauPuCvbwYcKQgMB8GA1UdIwQYMBaAFNBam2dxoaN6m8Gdlei1249D
ALY6MAoGCCqGSM49BAMCA0cAMEQCIGSmO0yDFEnzQ0HgR+5wMzffAK9/Y6B77Dhk
EMN/8Hu2AiBpHsC+PPxstSunPJMzmr2PTQyp6f0LO47VnutV7Qwt2Q==
-----END CERTIFICATE-----
"
bf62fa19-b62f-48db-8597-b1d1e80e8e3f,"-----BEGIN CERTIFICATE-----
MIICBDCCAaugAwIBAgIUEuPuhfRWvxefPAa1d9rWBJ3bjzgwCgYIKoZIzj0EAwIw
RjEYMBYGA1UEAwwPTWF0dGVyIFRlc3QgUEFJMRQwEgYKKwYBBAGConwCAQwERkZG
MjEUMBIGCisGAQQBgqJ8AgIMBDgwMDEwIBcNMjYwNzAyMTExOTMxWhgPMjEyNjA2
MDgxMTE5MzFaMFsxLTArBgNVBAMMJGJmNjJmYTE5LWI2MmYtNDhkYi04NTk3LWIx
ZDFlODBlOGUzZjEUMBIGCisGAQQBgqJ8AgEMBEZGRjIxFDASBgorBgEEAYKifAIC
DAQ4MDAxMFkwEwYHKoZIzj0CAQYIKoZIzj0DAQcDQgAEqTHWPS23JkLjivEgsZ2X
U7IkN9wEHnkTaSEdb0A5JoiFpYQ9paVjtFjm608RpDPUt6eA/ii1+qMWXUcvzP6E
dKNgMF4wDAYDVR0TAQH/BAIwADAOBgNVHQ8BAf8EBAMCB4AwHQYDVR0OBBYEFGo0
n0995yJWJPgk9O55nZCpBYcKMB8GA1UdIwQYMBaAFNBam2dxoaN6m8Gdlei1249D
ALY6MAoGCCqGSM49BAMCA0cAMEQCIDL2QOyoIlJyukto0YWcVCei1WXC76PqoZA5
aR/Dy4xoAiAb1h1OgTW7pR4SuJee4efti6cXVZliexBzaczGRA0Nbg==
-----END CERTIFICATE-----
"
fa886afe-8f34-4abb-9e6e-562159ad3ed6,"-----BEGIN CERTIFICATE-----
MIICBDCCAaugAwIBAgIUEYOM0QcXAKiGJQfpragdiomRydEwCgYIKoZIzj0EAwIw
RjEYMBYGA1UEAwwPTWF0dGVyIFRlc3QgUEFJMRQwEgYKKwYBBAGConwCAQwERkZG
MjEUMBIGCisGAQQBgqJ8AgIMBDgwMDEwIBcNMjYwNzAyMTExOTMxWhgPMjEyNjA2
MDgxMTE5MzFaMFsxLTArBgNVBAMMJGZhODg2YWZlLThmMzQtNGFiYi05ZTZlLTU2
MjE1OWFkM2VkNjEUMBIGCisGAQQBgqJ8AgEMBEZGRjIxFDASBgorBgEEAYKifAIC
DAQ4MDAxMFkwEwYHKoZIzj0CAQYIKoZIzj0DAQcDQgAEdz3RqmEjV1eL/HAWqOe0
fSl6IWwr2eMLocfBKyL+oQCQWgzw3fHPlW+J6sUjnqjUKD4bYvY7K4xbTxZhHXbG
CqNgMF4wDAYDVR0TAQH/BAIwADAOBgNVHQ8BAf8EBAMCB4AwHQYDVR0OBBYEFPgN
PahUINJpxMUuQ+gyD6jCmfTqMB8GA1UdIwQYMBaAFNBam2dxoaN6m8Gdlei1249D
ALY6MAoGCCqGSM49BAMCA0cAMEQCICRQQ2hjr37aq/mday7W3Gu+ZtpJ6ILnqFou
rr3sEtiXAiAA/LH0wcZ6JHLwoCIXN2vk7I3meo3dC5NrWyt0mH9Qsg==
-----END CERTIFICATE-----
"
758c8450-db80-4394-8bc3-aed419538c91,"-----BEGIN CERTIFICATE-----
MIICBDCCAaugAwIBAgIUI82+6yHr1DNvZK5tf9kJ42i8FjIwCgYIKoZIzj0EAwIw
RjEYMBYGA1UEAwwPTWF0dGVyIFRlc3QgUEFJMRQwEgYKKwYBBAGConwCAQwERkZG
MjEUMBIGCisGAQQBgqJ8AgIMBDgwMDEwIBcNMjYwNzAyMTExOTMxWhgPMjEyNjA2
MDgxMTE5MzFaMFsxLTArBgNVBAMMJDc1OGM4NDUwLWRiODAtNDM5NC04YmMzLWFl
ZDQxOTUzOGM5MTEUMBIGCisGAQQBgqJ8AgEMBEZGRjIxFDASBgorBgEEAYKifAIC
DAQ4MDAxMFkwEwYHKoZIzj0CAQYIKoZIzj0DAQcDQgAEMUCOWutw0/9vkY3i+7px
Q9uXRI95twGaYuIj2cQGPgBmeH3/Lidu5oxJ3oesbbipsnkdusZjAbjrRITHF3Z+
iqNgMF4wDAYDVR0TAQH/BAIwADAOBgNVHQ8BAf8EBAMCB4AwHQYDVR0OBBYEFN0t
z9ZJ3NhWywaTmTOi0NeFwSUzMB8GA1UdIwQYMBaAFNBam2dxoaN6m8Gdlei1249D
ALY6MAoGCCqGSM49BAMCA0cAMEQCIHnjR11Og1UtFvE5X2rZokibvQYkkQyBwncl
X4EBHYzSAiBOGYQzz1jTh1djU3uJhP1m5uEJ6hy8fT7pI4cn6/lo8g==
-----END CERTIFICATE-----
"
f6870a5b-e4d0-4769-9726-fc3b863ed50b,"-----BEGIN CERTIFICATE-----
MIICBjCCAaugAwIBAgIUOaHIGoEyGfAPS/4QmV2+Hm/pHHcwCgYIKoZIzj0EAwIw
RjEYMBYGA1UEAwwPTWF0dGVyIFRlc3QgUEFJMRQwEgYKKwYBBAGConwCAQwERkZG
MjEUMBIGCisGAQQBgqJ8AgIMBDgwMDEwIBcNMjYwNzAyMTExOTMxWhgPMjEyNjA2
MDgxMTE5MzFaMFsxLTArBgNVBAMMJGY2ODcwYTViLWU0ZDAtNDc2OS05NzI2LWZj
M2I4NjNlZDUwYjEUMBIGCisGAQQBgqJ8AgEMBEZGRjIxFDASBgorBgEEAYKifAIC
DAQ4MDAxMFkwEwYHKoZIzj0CAQYIKoZIzj0DAQcDQgAEbJMkb3DsHmYOt3lMkKPl
QrNWYcXHyDVCqpkgwJLI57YBULdSd51WJXcz+Jej/h+72H8SRxTwD3N7n3BBT2/N
k6NgMF4wDAYDVR0TAQH/BAIwADAOBgNVHQ8BAf8EBAMCB4AwHQYDVR0OBBYEFNXL
62sEq+mcsREvu/vH01zhLyXoMB8GA1UdIwQYMBaAFNBam2dxoaN6m8Gdlei1249D
ALY6MAoGCCqGSM49BAMCA0kAMEYCIQCJuCQJmWDWZjLgPtXm35gpBL9lOqZP3auS
qwSoJ5aqaQIhAM8YknWBZOkUi/eK6kXqmZL0zGDe/27pNrc0lvMpDyoj
-----END CERTIFICATE-----
"
04277661-85ab-4a71-bcb7-5f0665520bc1,"-----BEGIN CERTIFICATE-----
MIICBTCCAaugAwIBAgIUY/sfOEbYWCjtKPiB3O57rnSpcMwwCgYIKoZIzj0EAwIw
RjEYMBYGA1UEAwwPTWF0dGVyIFRlc3QgUEFJMRQwEgYKKwYBBAGConwCAQwERkZG
MjEUMBIGCisGAQQBgqJ8AgIMBDgwMDEwIBcNMjYwNzAyMTExOTMxWhgPMjEyNjA2
MDgxMTE5MzFaMFsxLTArBgNVBAMMJDA0Mjc3NjYxLTg1YWItNGE3MS1iY2I3LTVm
MDY2NTUyMGJjMTEUMBIGCisGAQQBgqJ8AgEMBEZGRjIxFDASBgorBgEEAYKifAIC
DAQ4MDAxMFkwEwYHKoZIzj0CAQYIKoZIzj0DAQcDQgAEPB6WavPIqmvgUABMZDkn
Eo1S7fdOSvu91JpgCwh5PS00ElIs9SCn/LeQtUva9t35ZxpSA9AwCF+tniflMzng
VaNgMF4wDAYDVR0TAQH/BAIwADAOBgNVHQ8BAf8EBAMCB4AwHQYDVR0OBBYEFO8L
biMV3dPCs8UZko+lGRHCaKknMB8GA1UdIwQYMBaAFNBam2dxoaN6m8Gdlei1249D
ALY6MAoGCCqGSM49BAMCA0gAMEUCIQCzhlDd47EgG7yUHxPsHBbnEldYT9hAF1RE
Rindw8XdYQIgB4wvf7tobGEJW5U5bDi9pWNe/NhDpnjJmQ4Gxs0tMtY=
-----END CERTIFICATE-----
"
924d94e7-7b5e-45f2-863c-8ddfd2ecc7eb,"-----BEGIN CERTIFICATE-----
MIICBDCCAaugAwIBAgIUKdH1YQ1xcdSwgEcnRqkd4Gvr12wwCgYIKoZIzj0EAwIw
RjEYMBYGA1UEAwwPTWF0dGVyIFRlc3QgUEFJMRQwEgYKKwYBBAGConwCAQwERkZG
MjEUMBIGCisGAQQBgqJ8AgIMBDgwMDEwIBcNMjYwNzAyMTExOTMxWhgPMjEyNjA2
MDgxMTE5MzFaMFsxLTArBgNVBAMMJDkyNGQ5NGU3LTdiNWUtNDVmMi04NjNjLThk
ZGZkMmVjYzdlYjEUMBIGCisGAQQBgqJ8AgEMBEZGRjIxFDASBgorBgEEAYKifAIC
DAQ4MDAxMFkwEwYHKoZIzj0CAQYIKoZIzj0DAQcDQgAEYNEQwZ+V+2NbOKww14yR
+KX8GICbQK/5z7Nl0X9qk2/wZoren9pu86T9YsvdkYEbeXeovZZKuc/6N7mN0QYU
eKNgMF4wDAYDVR0TAQH/BAIwADAOBgNVHQ8BAf8EBAMCB4AwHQYDVR0OBBYEFCFd
zKnslMFJJE0dMKxNlJui8l7AMB8GA1UdIwQYMBaAFNBam2dxoaN6m8Gdlei1249D
ALY6MAoGCCqGSM49BAMCA0cAMEQCIAw96g7zYdbVjWweBEdirGkK/6pcAXs/Ylwq
R/Iv1cV6AiAVSFQUTrdbaEG1wY7z0WFLAYONdcK/EsxeYCumlgWzEQ==
-----END CERTIFICATE-----
"
ba139a76-78af-4334-9e41-b5934f5a755a,"-----BEGIN CERTIFICATE-----
MIICBDCCAaugAwIBAgIUUxwPNTZNtGiyZTAw/wVNHKbhRXEwCgYIKoZIzj0EAwIw
RjEYMBYGA1UEAwwPTWF0dGVyIFRlc3QgUEFJMRQwEgYKKwYBBAGConwCAQwERkZG
MjEUMBIGCisGAQQBgqJ8AgIMBDgwMDEwIBcNMjYwNzAyMTExOTMxWhgPMjEyNjA2
MDgxMTE5MzFaMFsxLTArBgNVBAMMJGJhMTM5YTc2LTc4YWYtNDMzNC05ZTQxLWI1
OTM0ZjVhNzU1YTEUMBIGCisGAQQBgqJ8AgEMBEZGRjIxFDASBgorBgEEAYKifAIC
DAQ4MDAxMFkwEwYHKoZIzj0CAQYIKoZIzj0DAQcDQgAEXx6Fl4EjqeWA12StDfvo
GeQFH9lIuhTlvYOrKKY77fNGG9wEp1/GXRhEFRigcmxdLLmpBM/Ff/1aNq+S8I9G
wKNgMF4wDAYDVR0TAQH/BAIwADAOBgNVHQ8BAf8EBAMCB4AwHQYDVR0OBBYEFMLc
HTz3e9tfKIEu3VYiMjgXxexZMB8GA1UdIwQYMBaAFNBam2dxoaN6m8Gdlei1249D
ALY6MAoGCCqGSM49BAMCA0cAMEQCIHjoM2rMcqfrN0OZsbuPl1VLvFs4+d6KUEeY
D3SL4MbxAiAmyG8n4zVT4kYKLHIw1N6DmpmLBMP1tmAi4KC3DRS5ew==
-----END CERTIFICATE-----
"
05a21908-4137-4fea-9b78-a0c0d61b3c38,"-----BEGIN CERTIFICATE-----
MIICBTCCAaugAwIBAgIUJcmrbUm4erZVed5d+oaNAY+M+gIwCgYIKoZIzj0EAwIw
RjEYMBYGA1UEAwwPTWF0dGVyIFRlc3QgUEFJMRQwEgYKKwYBBAGConwCAQwERkZG
MjEUMBIGCisGAQQBgqJ8AgIMBDgwMDEwIBcNMjYwNzAyMTExOTMxWhgPMjEyNjA2
MDgxMTE5MzFaMFsxLTArBgNVBAMMJDA1YTIxOTA4LTQxMzctNGZlYS05Yjc4LWEw
YzBkNjFiM2MzODEUMBIGCisGAQQBgqJ8AgEMBEZGRjIxFDASBgorBgEEAYKifAIC
DAQ4MDAxMFkwEwYHKoZIzj0CAQYIKoZIzj0DAQcDQgAECb/h+GCL230Ry/6QLeR5
7GSfoyyDX65g93971VD4Gw9Fid1ww17Em5GPeTHmFNXrC2Ks1nwnhauAnUwVweQ7
B6NgMF4wDAYDVR0TAQH/BAIwADAOBgNVHQ8BAf8EBAMCB4AwHQYDVR0OBBYEFCSP
Cm1UY+BPJoAFKAXNcp25QavjMB8GA1UdIwQYMBaAFNBam2dxoaN6m8Gdlei1249D
ALY6MAoGCCqGSM49BAMCA0gAMEUCIQD8Nsg3gYH3omk9ajyzGYvrP4HtXNm+jEMM
DSrZlj+n3wIgRpOMtpYeIxvAMWorKh2QsYPyYK3JioVhuuZH5xWQwOg=
-----END CERTIFICATE-----
"
a06d5ac9-0bd4-4444-8bab-3d33c469f8f8,"-----BEGIN CERTIFICATE-----
MIICBTCCAaugAwIBAgIUDf64nWV93WKsPoc2ojNLsuJfqo4wCgYIKoZIzj0EAwIw
RjEYMBYGA1UEAwwPTWF0dGVyIFRlc3QgUEFJMRQwEgYKKwYBBAGConwCAQwERkZG
MjEUMBIGCisGAQQBgqJ8AgIMBDgwMDEwIBcNMjYwNzAyMTExOTMxWhgPMjEyNjA2
MDgxMTE5MzFaMFsxLTArBgNVBAMMJGEwNmQ1YWM5LTBiZDQtNDQ0NC04YmFiLTNk
MzNjNDY5ZjhmODEUMBIGCisGAQQBgqJ8AgEMBEZGRjIxFDASBgorBgEEAYKifAIC
DAQ4MDAxMFkwEwYHKoZIzj0CAQYIKoZIzj0DAQcDQgAEEU/FodGr6yRK+yw5KhTK
MVASViU0llLd2FBiBewinKZ3jISn1cbhqeehnBernKNwXLNvykUsv1WXQdHSK8LK
2aNgMF4wDAYDVR0TAQH/BAIwADAOBgNVHQ8BAf8EBAMCB4AwHQYDVR0OBBYEFAQM
IUUlRU1UcBLTR7Ci/Ns4PzrUMB8GA1UdIwQYMBaAFNBam2dxoaN6m8Gdlei1249D
ALY6MAoGCCqGSM49BAMCA0gAMEUCICHBHCnzAos91yMu3s2VtfGnPPviSlE8XOdw
ZDxw8x8dAiEAmDYsNbDTiFPiLZ13xxgNRguHucjUcHIfbdv+HKLkJLw=
-----END CERTIFICATE-----
"
8752eb34-bd21-48c1-acee-8ae8deba92ca,"-----BEGIN CERTIFICATE-----
MIICBDCCAaugAwIBAgIUU/38z217t5tQmkLfmfu+kYD10FkwCgYIKoZIzj0EAwIw
RjEYMBYGA1UEAwwPTWF0dGVyIFRlc3QgUEFJMRQwEgYKKwYBBAGConwCAQwERkZG
MjEUMBIGCisGAQQBgqJ8AgIMBDgwMDEwIBcNMjYwNzAyMTExOTMxWhgPMjEyNjA2
MDgxMTE5MzFaMFsxLTArBgNVBAMMJDg3NTJlYjM0LWJkMjEtNDhjMS1hY2VlLThh
ZThkZWJhOTJjYTEUMBIGCisGAQQBgqJ8AgEMBEZGRjIxFDASBgorBgEEAYKifAIC
DAQ4MDAxMFkwEwYHKoZIzj0CAQYIKoZIzj0DAQcDQgAE60KbYLFGKjKWTLQatTYN
9hNJWh5nEkxNuzelZuJ6IYjx1ulNtcbUhJYkppYF6Z0MWt/zT1JWp8e4RgZcOZ3J
X6NgMF4wDAYDVR0TAQH/BAIwADAOBgNVHQ8BAf8EBAMCB4AwHQYDVR0OBBYEFH63
ot5weJIFMd2Xk94uZyqXSBRCMB8GA1UdIwQYMBaAFNBam2dxoaN6m8Gdlei1249D
ALY6MAoGCCqGSM49BAMCA0cAMEQCID50eY+r6i9pvr+p/vwDgTpiBj1JCl9u7M0U
MFHeQlSqAiBvGbyqmosZo4SodPtxjLXZYYQapunVuBg1jRDLppT3hg==
-----END CERTIFICATE-----
"
ab77cddf-73ca-4cf4-9585-d57af3cfc819,"-----BEGIN CERTIFICATE-----
MIICBjCCAaugAwIBAgIUY1WHpwGw+6zD5jeSHov0KQ+ur00wCgYIKoZIzj0EAwIw
RjEYMBYGA1UEAwwPTWF0dGVyIFRlc3QgUEFJMRQwEgYKKwYBBAGConwCAQwERkZG
MjEUMBIGCisGAQQBgqJ8AgIMBDgwMDEwIBcNMjYwNzAyMTExOTMxWhgPMjEyNjA2
MDgxMTE5MzFaMFsxLTArBgNVBAMMJGFiNzdjZGRmLTczY2EtNGNmNC05NTg1LWQ1
N2FmM2NmYzgxOTEUMBIGCisGAQQBgqJ8AgEMBEZGRjIxFDASBgorBgEEAYKifAIC
DAQ4MDAxMFkwEwYHKoZIzj0CAQYIKoZIzj0DAQcDQgAEAwnwMVna5yZ/nh/+XsDQ
jiGifk4vhPihS6BH6DEm74T2xqjw+jyCub5r8ONcCj1Lf9+3De86CAOvT6y7COvx
/6NgMF4wDAYDVR0TAQH/BAIwADAOBgNVHQ8BAf8EBAMCB4AwHQYDVR0OBBYEFOxb
8rjgKjAqg2ZWofoFsIMzDgHiMB8GA1UdIwQYMBaAFNBam2dxoaN6m8Gdlei1249D
ALY6MAoGCCqGSM49BAMCA0kAMEYCIQC75OGaZwX2PjSzGJz7oFI0taAnEhZz6618
QXkw1/gO1QIhAK/5bAMZv4Fyn0her2KS+0RBWVM9w3Y0RgIuGyfx2Sey
-----END CERTIFICATE-----
"
80350ad5-90fe-4c3d-8f50-7188c716f4c0,"-----BEGIN CERTIFICATE-----
MIICBTCCAaugAwIBAgIUX4d8Wv6Ei7OTrrK91n0W2mIMSKkwCgYIKoZIzj0EAwIw
RjEYMBYGA1UEAwwPTWF0dGVyIFRlc3QgUEFJMRQwEgYKKwYBBAGConwCAQwERkZG
MjEUMBIGCisGAQQBgqJ8AgIMBDgwMDEwIBcNMjYwNzAyMTExOTMxWhgPMjEyNjA2
MDgxMTE5MzFaMFsxLTArBgNVBAMMJDgwMzUwYWQ1LTkwZmUtNGMzZC04ZjUwLTcx
ODhjNzE2ZjRjMDEUMBIGCisGAQQBgqJ8AgEMBEZGRjIxFDASBgorBgEEAYKifAIC
DAQ4MDAxMFkwEwYHKoZIzj0CAQYIKoZIzj0DAQcDQgAETAYikrUfGvnpCcHNvO16
rPAbPmMVnmXrXfj5ZEGp6IEU9uDdxEP487GAVubYO6gAQfkZh1pXdOZlfWy1x11E
nKNgMF4wDAYDVR0TAQH/BAIwADAOBgNVHQ8BAf8EBAMCB4AwHQYDVR0OBBYEFIOG
lIpnaBApQJeUHvuNdLSyL/U3MB8GA1UdIwQYMBaAFNBam2dxoaN6m8Gdlei1249D
ALY6MAoGCCqGSM49BAMCA0gAMEUCIQCRHDwNU5ipwz7p2pmEaUWDMCQAiYX6lDPh
fb1+5sn/fAIgUpDPBhWTjSsDb7k94RHfqlbo9GrcvSlRMyL1ugNJhzo=
-----END CERTIFICATE-----
"
4039c82f-b89b-4127-b7ad-0d9061bbdc50,"-----BEGIN CERTIFICATE-----
MIICBjCCAaugAwIBAgIUXMOJbhRfKSf6pN3sMtXlj459MvYwCgYIKoZIzj0EAwIw
RjEYMBYGA1UEAwwPTWF0dGVyIFRlc3QgUEFJMRQwEgYKKwYBBAGConwCAQwERkZG
MjEUMBIGCisGAQQBgqJ8AgIMBDgwMDEwIBcNMjYwNzAyMTExOTMxWhgPMjEyNjA2
MDgxMTE5MzFaMFsxLTArBgNVBAMMJDQwMzljODJmLWI4OWItNDEyNy1iN2FkLTBk
OTA2MWJiZGM1MDEUMBIGCisGAQQBgqJ8AgEMBEZGRjIxFDASBgorBgEEAYKifAIC
DAQ4MDAxMFkwEwYHKoZIzj0CAQYIKoZIzj0DAQcDQgAEjsWE/SS1RkWWOzpCiqYb
KX/93lCwfjzI3igmd46Vae/Z7LZdtgKs6UZxHazpyxorJLxSN2uCd9e5K8gZxcdI
5KNgMF4wDAYDVR0TAQH/BAIwADAOBgNVHQ8BAf8EBAMCB4AwHQYDVR0OBBYEFMWU
wmdcuhcX4V9bHwVQiALBxhOBMB8GA1UdIwQYMBaAFNBam2dxoaN6m8Gdlei1249D
ALY6MAoGCCqGSM49BAMCA0kAMEYCIQDWVlbaQkVJfcYxmZyIQ5II2hePWQ9Vic5J
cizDOFiSfQIhAII1UZ3e3Wisa8Qc6DPVQjkbvEEWkdfC8s/hak9h1iBu
-----END CERTIFICATE-----
"
fc45a50a-f371-4fd9-9e5b-e58fb59f4ac5,"-----BEGIN CERTIFICATE-----
MIICBjCCAaugAwIBAgIUGYy5OZyq1uayV0FQ/Y5icYgAymMwCgYIKoZIzj0EAwIw
RjEYMBYGA1UEAwwPTWF0dGVyIFRlc3QgUEFJMRQwEgYKKwYBBAGConwCAQwERkZG
MjEUMBIGCisGAQQBgqJ8AgIMBDgwMDEwIBcNMjYwNzAyMTExOTMxWhgPMjEyNjA2
MDgxMTE5MzFaMFsxLTArBgNVBAMMJGZjNDVhNTBhLWYzNzEtNGZkOS05ZTViLWU1
OGZiNTlmNGFjNTEUMBIGCisGAQQBgqJ8AgEMBEZGRjIxFDASBgorBgEEAYKifAIC
DAQ4MDAxMFkwEwYHKoZIzj0CAQYIKoZIzj0DAQcDQgAEuvzJyg9d5YFIbFYG3vQh
BhzJK9NGIxeVagaJ+874Ew+sqMLboZ5qY7Zboxt8RCyZE1nrSx/Ol1tv2mF9wwVy
X6NgMF4wDAYDVR0TAQH/BAIwADAOBgNVHQ8BAf8EBAMCB4AwHQYDVR0OBBYEFBrc
dw2j8yaX6Jm7V/tT6qhVGdofMB8GA1UdIwQYMBaAFNBam2dxoaN6m8Gdlei1249D
ALY6MAoGCCqGSM49BAMCA0kAMEYCIQD2Zdjv/6sxhu1TyDB5nlgRv8v0tqGaOCiX
s+M+urhJOAIhAJICCMZWJqDT1x9zIzqpA0EPZQdEoxXWWpvCmiM+x/aN
-----END CERTIFICATE-----
"
22c42d12-6f6b-46a1-a7f2-7c6b2da2ee1e,"-----BEGIN CERTIFICATE-----
MIICBTCCAaugAwIBAgIUatkrGnAtu+ccOrd8qLF5m0z8ncIwCgYIKoZIzj0EAwIw
RjEYMBYGA1UEAwwPTWF0dGVyIFRlc3QgUEFJMRQwEgYKKwYBBAGConwCAQwERkZG
MjEUMBIGCisGAQQBgqJ8AgIMBDgwMDEwIBcNMjYwNzAyMTExOTMxWhgPMjEyNjA2
MDgxMTE5MzFaMFsxLTArBgNVBAMMJDIyYzQyZDEyLTZmNmItNDZhMS1hN2YyLTdj
NmIyZGEyZWUxZTEUMBIGCisGAQQBgqJ8AgEMBEZGRjIxFDASBgorBgEEAYKifAIC
DAQ4MDAxMFkwEwYHKoZIzj0CAQYIKoZIzj0DAQcDQgAEBoYyAxfL0rQySwQC2v8y
1RKOYkWSFZ5lpMsib5NsJVG9X8Fab/2kktWEJIxz9G7KiE9DLFl5tF/Zoz6b1weg
OaNgMF4wDAYDVR0TAQH/BAIwADAOBgNVHQ8BAf8EBAMCB4AwHQYDVR0OBBYEFCLI
PGxDy7I0BQY8UNZOnAnGjPKNMB8GA1UdIwQYMBaAFNBam2dxoaN6m8Gdlei1249D
ALY6MAoGCCqGSM49BAMCA0gAMEUCIQDnU7M6ZVt1TqexEARDG9moKqBt+mzR4j+9
HVdk7/iKPAIgGlZWYdmVnPEEn+BQis+q//3KCg+zYbphTuBtN4EVjhY=
-----END CERTIFICATE-----
"
eb6b7767-3cbc-4759-a1c5-0551db51a796,"-----BEGIN CERTIFICATE-----
MIICBTCCAaugAwIBAgIUJFgBTXTITfbAZbg6JjTHcW3FxB8wCgYIKoZIzj0EAwIw
RjEYMBYGA1UEAwwPTWF0dGVyIFRlc3QgUEFJMRQwEgYKKwYBBAGConwCAQwERkZG
MjEUMBIGCisGAQQBgqJ8AgIMBDgwMDEwIBcNMjYwNzAyMTExOTMxWhgPMjEyNjA2
MDgxMTE5MzFaMFsxLTArBgNVBAMMJGViNmI3NzY3LTNjYmMtNDc1OS1hMWM1LTA1
NTFkYjUxYTc5NjEUMBIGCisGAQQBgqJ8AgEMBEZGRjIxFDASBgorBgEEAYKifAIC
DAQ4MDAxMFkwEwYHKoZIzj0CAQYIKoZIzj0DAQcDQgAEexrEorOzWi2SjiBiR8cT
NFAm0T97vY9F4sQQfzrCUplbFC7JnQPPsyEk1HGsbPijsxSI5MrYxuaXMjc3Zi5n
oaNgMF4wDAYDVR0TAQH/BAIwADAOBgNVHQ8BAf8EBAMCB4AwHQYDVR0OBBYEFLhM
3Co0R9OB0WyeAMoblRxz3i69MB8GA1UdIwQYMBaAFNBam2dxoaN6m8Gdlei1249D
ALY6MAoGCCqGSM49BAMCA0gAMEUCICYL+c91b8Qf8qPowWWyfGE12Q7AIlllZ3kX
qoFT4FNwAiEA1nV6ytqh6vdlxhv33L4JwglEUijY+oYmm36fqd56Ygs=
-----END CERTIFICATE-----
"
8ed457df-cc3b-4f47-9832-22c76b1ceb12,"-----BEGIN CERTIFICATE-----
MIICBTCCAaugAwIBAgIUTPQr8gXLbzAGNg9Eug4jGDWIvngwCgYIKoZIzj0EAwIw
RjEYMBYGA1UEAwwPTWF0dGVyIFRlc3QgUEFJMRQwEgYKKwYBBAGConwCAQwERkZG
MjEUMBIGCisGAQQBgqJ8AgIMBDgwMDEwIBcNMjYwNzAyMTExOTMxWhgPMjEyNjA2
MDgxMTE5MzFaMFsxLTArBgNVBAMMJDhlZDQ1N2RmLWNjM2ItNGY0Ny05ODMyLTIy
Yzc2YjFjZWIxMjEUMBIGCisGAQQBgqJ8AgEMBEZGRjIxFDASBgorBgEEAYKifAIC
DAQ4MDAxMFkwEwYHKoZIzj0CAQYIKoZIzj0DAQcDQgAEA0w4X51CfdKwbDXdRkFQ
JB+e2u5rbhLVQ3w447b9zpv/Voa3G3S/9O3A4zT8iqTw5gz7TcpOKZBC47mj2CJW
HKNgMF4wDAYDVR0TAQH/BAIwADAOBgNVHQ8BAf8EBAMCB4AwHQYDVR0OBBYEFL0B
uJ/fd5fY6bpBs6bsbKjE2GKGMB8GA1UdIwQYMBaAFNBam2dxoaN6m8Gdlei1249D
ALY6MAoGCCqGSM49BAMCA0gAMEUCIBTVaCS/dIx/QkUGuW30UGw2TsC1M3fZLCok
fycV81LZAiEAmRhUluqx9M5fuEMbxgzPHsxJVj7D6sYywJ6HWSC+c0M=
-----END CERTIFICATE-----
"
a5dd371a-e4cc-4467-9e84-bf1078b804aa,"-----BEGIN CERTIFICATE-----
MIICBDCCAaugAwIBAgIUNGwlWsbipDmYKvG3zetgT9NblXIwCgYIKoZIzj0EAwIw
RjEYMBYGA1UEAwwPTWF0dGVyIFRlc3QgUEFJMRQwEgYKKwYBBAGConwCAQwERkZG
MjEUMBIGCisGAQQBgqJ8AgIMBDgwMDEwIBcNMjYwNzAyMTExOTMxWhgPMjEyNjA2
MDgxMTE5MzFaMFsxLTArBgNVBAMMJGE1ZGQzNzFhLWU0Y2MtNDQ2Ny05ZTg0LWJm
MTA3OGI4MDRhYTEUMBIGCisGAQQBgqJ8AgEMBEZGRjIxFDASBgorBgEEAYKifAIC
DAQ4MDAxMFkwEwYHKoZIzj0CAQYIKoZIzj0DAQcDQgAEsq9LRjBOboWJsYGNcLUJ
ovo9j+JV99vsadnRFRp7DsUEwGk8flBoX2u3dI3oo0MEvbuyeAehLqyEsS8/nwnx
TKNgMF4wDAYDVR0TAQH/BAIwADAOBgNVHQ8BAf8EBAMCB4AwHQYDVR0OBBYEFHxq
HUQ7d13dfGtzWJLJ/W2QUYD7MB8GA1UdIwQYMBaAFNBam2dxoaN6m8Gdlei1249D
ALY6MAoGCCqGSM49BAMCA0cAMEQCID7t83oNyW8v6s+fgQIHLeNyxroRWj+2ml3m
9U2mbktNAiAm09lgKQbWBmoTc1E8Ko6ODPXQB2kOEznQav7exKRRNg==
-----END CERTIFICATE-----
"
c4a69378-86b9-46db-b8c6-ffc3ec3755c3,"-----BEGIN CERTIFICATE-----
MIICBTCCAaugAwIBAgIURfgtKuoJ9l8+cLIARU1Vw/SeFXQwCgYIKoZIzj0EAwIw
RjEYMBYGA1UEAwwPTWF0dGVyIFRlc3QgUEFJMRQwEgYKKwYBBAGConwCAQwERkZG
MjEUMBIGCisGAQQBgqJ8AgIMBDgwMDEwIBcNMjYwNzAyMTExOTMxWhgPMjEyNjA2
MDgxMTE5MzFaMFsxLTArBgNVBAMMJGM0YTY5Mzc4LTg2YjktNDZkYi1iOGM2LWZm
YzNlYzM3NTVjMzEUMBIGCisGAQQBgqJ8AgEMBEZGRjIxFDASBgorBgEEAYKifAIC
DAQ4MDAxMFkwEwYHKoZIzj0CAQYIKoZIzj0DAQcDQgAE8E9NgJYyHmhQ3EwH4hLw
xLmUiSbmGT4F8QSzdmqIk3cU+PHrr6/YV7A7+qtOW4ruNqD6OjYd4Izgk0iANsHA
ZKNgMF4wDAYDVR0TAQH/BAIwADAOBgNVHQ8BAf8EBAMCB4AwHQYDVR0OBBYEFNmb
hsx3k036tJhDS73J/z21X/KAMB8GA1UdIwQYMBaAFNBam2dxoaN6m8Gdlei1249D
ALY6MAoGCCqGSM49BAMCA0gAMEUCIQDPbdtEZs/ziyIcGHdxSFS5O6ymaypgaess
eKCxIGQb7wIgCy2AIkU3m8cRkUWQ14QGWpn9BAV93S7oR9fUbvOl0pM=
-----END CERTIFICATE-----
"
f45b53c7-de4c-4420-acce-c5b225d2cb0a,"-----BEGIN CERTIFICATE-----
MIICBTCCAaugAwIBAgIUCIRWOPmKKHI+yFoLae+m1/LZ9lIwCgYIKoZIzj0EAwIw
RjEYMBYGA1UEAwwPTWF0dGVyIFRlc3QgUEFJMRQwEgYKKwYBBAGConwCAQwERkZG
MjEUMBIGCisGAQQBgqJ8AgIMBDgwMDEwIBcNMjYwNzAyMTExOTMxWhgPMjEyNjA2
MDgxMTE5MzFaMFsxLTArBgNVBAMMJGY0NWI1M2M3LWRlNGMtNDQyMC1hY2NlLWM1
YjIyNWQyY2IwYTEUMBIGCisGAQQBgqJ8AgEMBEZGRjIxFDASBgorBgEEAYKifAIC
DAQ4MDAxMFkwEwYHKoZIzj0CAQYIKoZIzj0DAQcDQgAE2o1D9W1CxrrzwqcE6p3O
i5UPiRNr38NJdRRo/ES+VxnVMSII1NMVTJm7nvicLQOYXyHldu0Itgbb/Y/q+t9V
YqNgMF4wDAYDVR0TAQH/BAIwADAOBgNVHQ8BAf8EBAMCB4AwHQYDVR0OBBYEFCEH
wFyN4awqo6ZvpfXWbA3zFPzWMB8GA1UdIwQYMBaAFNBam2dxoaN6m8Gdlei1249D
ALY6MAoGCCqGSM49BAMCA0gAMEUCIQC9nn5emZSzW7hhgmXoq0hy1m5nUWnVzhEw
MHZuoxYumwIgUyX6rOv1/aDyeLDKggXBpUCAGEv8j4+pYq3U4ddCTh4=
-----END CERTIFICATE-----
"
8630b43d-f39e-447a-9ce0-f6a707d1f635,"-----BEGIN CERTIFICATE-----
MIICBDCCAaugAwIBAgIUDKmJe/buNdfqTDCVEppA81pto78wCgYIKoZIzj0EAwIw
RjEYMBYGA1UEAwwPTWF0dGVyIFRlc3QgUEFJMRQwEgYKKwYBBAGConwCAQwERkZG
MjEUMBIGCisGAQQBgqJ8AgIMBDgwMDEwIBcNMjYwNzAyMTExOTMxWhgPMjEyNjA2
MDgxMTE5MzFaMFsxLTArBgNVBAMMJDg2MzBiNDNkLWYzOWUtNDQ3YS05Y2UwLWY2
YTcwN2QxZjYzNTEUMBIGCisGAQQBgqJ8AgEMBEZGRjIxFDASBgorBgEEAYKifAIC
DAQ4MDAxMFkwEwYHKoZIzj0CAQYIKoZIzj0DAQcDQgAE+rVlqPc5kYoWgSqwBg7m
NB/hNDQywBD+PbRZsU5jIkClJ71OFI2ex1IhpEkFJBX9KkYokC4E9yX5XC8PaiKF
rKNgMF4wDAYDVR0TAQH/BAIwADAOBgNVHQ8BAf8EBAMCB4AwHQYDVR0OBBYEFOX3
rnE4o7+05WHR9lGzdhpaRRAvMB8GA1UdIwQYMBaAFNBam2dxoaN6m8Gdlei1249D
ALY6MAoGCCqGSM49BAMCA0cAMEQCIAHwlNBysnGrMcXqUdtNHsQHQoZ/oopjvc3a
Z7aU3P3QAiBrHlSQTFjqFLC72UiMmlj48+L6HD1i58QWaGSTmJG4Tg==
-----END CERTIFICATE-----
"
f97c3d18-3e1a-48c7-b5e2-e5e946ad815a,"-----BEGIN CERTIFICATE-----
MIICBjCCAaugAwIBAgIUONlvbREnmNTsbVwSYwomYh0uBpIwCgYIKoZIzj0EAwIw
RjEYMBYGA1UEAwwPTWF0dGVyIFRlc3QgUEFJMRQwEgYKKwYBBAGConwCAQwERkZG
MjEUMBIGCisGAQQBgqJ8AgIMBDgwMDEwIBcNMjYwNzAyMTExOTMxWhgPMjEyNjA2
MDgxMTE5MzFaMFsxLTArBgNVBAMMJGY5N2MzZDE4LTNlMWEtNDhjNy1iNWUyLWU1
ZTk0NmFkODE1YTEUMBIGCisGAQQBgqJ8AgEMBEZGRjIxFDASBgorBgEEAYKifAIC
DAQ4MDAxMFkwEwYHKoZIzj0CAQYIKoZIzj0DAQcDQgAEdyqQcclheYFS8lCFgU8n
YRkNM0FCNQ3Z9G9AfNe1CBeTlAb8BCiJ59jLyJ3XXTtn4fDuLK8nk8mY6TAg1sWJ
EaNgMF4wDAYDVR0TAQH/BAIwADAOBgNVHQ8BAf8EBAMCB4AwHQYDVR0OBBYEFNyH
fkZ+SnhhqpJoxc6B21FOZRIdMB8GA1UdIwQYMBaAFNBam2dxoaN6m8Gdlei1249D
ALY6MAoGCCqGSM49BAMCA0kAMEYCIQDGZbV2XAaxZVn1GYfETx6V6K0ObQ8jp5or
WsJtOe85WAIhAOTzFbchsDFaBW/S6r3FzXunvTRwDFJvT83INlatHe6v
-----END CERTIFICATE-----
"
7bfc1e0d-865a-45d7-9ca0-ef6c0c34dce1,"-----BEGIN CERTIFICATE-----
MIICBTCCAaugAwIBAgIUJ63AuJsQJWGzRgdH1kNhJBqaXyQwCgYIKoZIzj0EAwIw
RjEYMBYGA1UEAwwPTWF0dGVyIFRlc3QgUEFJMRQwEgYKKwYBBAGConwCAQwERkZG
MjEUMBIGCisGAQQBgqJ8AgIMBDgwMDEwIBcNMjYwNzAyMTExOTMxWhgPMjEyNjA2
MDgxMTE5MzFaMFsxLTArBgNVBAMMJDdiZmMxZTBkLTg2NWEtNDVkNy05Y2EwLWVm
NmMwYzM0ZGNlMTEUMBIGCisGAQQBgqJ8AgEMBEZGRjIxFDASBgorBgEEAYKifAIC
DAQ4MDAxMFkwEwYHKoZIzj0CAQYIKoZIzj0DAQcDQgAEKNChqLvgNRAFBmwzTNTz
GrF+jPxBXHQsmmVk9Ltpudilt+OyoHY9yjzojSwhBlalmxUWawKs1UcvUKIcc09a
nqNgMF4wDAYDVR0TAQH/BAIwADAOBgNVHQ8BAf8EBAMCB4AwHQYDVR0OBBYEFIk4
xmsRy1cwW/2min2PtjmAa48NMB8GA1UdIwQYMBaAFNBam2dxoaN6m8Gdlei1249D
ALY6MAoGCCqGSM49BAMCA0gAMEUCIQCm4B8GYYC9i6wjZNEFDEYhN8yNBj0SyFPh
4wzfSvRyTgIgQHf7rajYSAH8XcVwWjmeLT8rzPneKxZ1AfcnlafgbwE=
-----END CERTIFICATE-----
"
57407cb9-ecf6-403d-8707-bc72db090eea,"-----BEGIN CERTIFICATE-----
MIICBTCCAaugAwIBAgIUYYhQi4fJlvlq3f+hbcqkwKDQf0MwCgYIKoZIzj0EAwIw
RjEYMBYGA1UEAwwPTWF0dGVyIFRlc3QgUEFJMRQwEgYKKwYBBAGConwCAQwERkZG
MjEUMBIGCisGAQQBgqJ8AgIMBDgwMDEwIBcNMjYwNzAyMTExOTMxWhgPMjEyNjA2
MDgxMTE5MzFaMFsxLTArBgNVBAMMJDU3NDA3Y2I5LWVjZjYtNDAzZC04NzA3LWJj
NzJkYjA5MGVlYTEUMBIGCisGAQQBgqJ8AgEMBEZGRjIxFDASBgorBgEEAYKifAIC
DAQ4MDAxMFkwEwYHKoZIzj0CAQYIKoZIzj0DAQcDQgAEm9dZ7o2dEWXuhGfTlmDE
RI6lP8vXuzMPDl9MgJ3/9hnIVxdJ3bMASAJbjrUf1syhrWehu5NxEb7V9LcD3LjQ
oKNgMF4wDAYDVR0TAQH/BAIwADAOBgNVHQ8BAf8EBAMCB4AwHQYDVR0OBBYEFKl3
0YmcZTUwjo4Hsj6o3XNkpK7SMB8GA1UdIwQYMBaAFNBam2dxoaN6m8Gdlei1249D
ALY6MAoGCCqGSM49BAMCA0gAMEUCIQCxZ3sMMcBQAQHpJDsGUIyjqTbkwQyAKPNF
cfXDMOg8RQIgPRoNP+PjL3VYL5T6VGTZ/uz9JgcNXzB0BSar6Ulldjc=
-----END CERTIFICATE-----
"
c69932ee-93c5-41e1-8e16-854b487423c4,"-----BEGIN CERTIFICATE-----
MIICBjCCAaugAwIBAgIUG3u1fDsITlodXBvi9ZkXvYo9CH0wCgYIKoZIzj0EAwIw
RjEYMBYGA1UEAwwPTWF0dGVyIFRlc3QgUEFJMRQwEgYKKwYBBAGConwCAQwERkZG
MjEUMBIGCisGAQQBgqJ8AgIMBDgwMDEwIBcNMjYwNzAyMTExOTMxWhgPMjEyNjA2
MDgxMTE5MzFaMFsxLTArBgNVBAMMJGM2OTkzMmVlLTkzYzUtNDFlMS04ZTE2LTg1
NGI0ODc0MjNjNDEUMBIGCisGAQQBgqJ8AgEMBEZGRjIxFDASBgorBgEEAYKifAIC
DAQ4MDAxMFkwEwYHKoZIzj0CAQYIKoZIzj0DAQcDQgAEduo76JKcWuOVZumXCHVV
EBQCQ0gn88PMlXJ8sXelEug8nSqAQwJO7SuvtrxB3G994su+9MlHE8bftSbp3RhW
L6NgMF4wDAYDVR0TAQH/BAIwADAOBgNVHQ8BAf8EBAMCB4AwHQYDVR0OBBYEFNXy
uzAMeXj4NCC4R7OiM3nLHUI6MB8GA1UdIwQYMBaAFNBam2dxoaN6m8Gdlei1249D
ALY6MAoGCCqGSM49BAMCA0kAMEYCIQD4A+2y1BRD7LdOQJx+82i/V0zlMMMFVNex
YH7hzuQ1YAIhAIsmUQLFTFVc0OpG3yGRuGQSe50bn9kIQrVmlaAb4Y55
-----END CERTIFICATE-----
"
cd2ee794-9f4f-469b-825b-917cd8d0d0e9,"-----BEGIN CERTIFICATE-----
MIICBDCCAaugAwIBAgIUOk8ACF5JANzMl6kUP5u+gaULg2AwCgYIKoZIzj0EAwIw
RjEYMBYGA1UEAwwPTWF0dGVyIFRlc3QgUEFJMRQwEgYKKwYBBAGConwCAQwERkZG
MjEUMBIGCisGAQQBgqJ8AgIMBDgwMDEwIBcNMjYwNzAyMTExOTMxWhgPMjEyNjA2
MDgxMTE5MzFaMFsxLTArBgNVBAMMJGNkMmVlNzk0LTlmNGYtNDY5Yi04MjViLTkx
N2NkOGQwZDBlOTEUMBIGCisGAQQBgqJ8AgEMBEZGRjIxFDASBgorBgEEAYKifAIC
DAQ4MDAxMFkwEwYHKoZIzj0CAQYIKoZIzj0DAQcDQgAEBoD5tyVoORslJw8uNYeN
31Btsyd2l6kNJ4LomqNY3n71Y1UaViFHE75ogFFalL/wZHlCt491KNT+xWasgOfF
1qNgMF4wDAYDVR0TAQH/BAIwADAOBgNVHQ8BAf8EBAMCB4AwHQYDVR0OBBYEFBjH
zmp++imndtnwpGpb2E6pnv+oMB8GA1UdIwQYMBaAFNBam2dxoaN6m8Gdlei1249D
ALY6MAoGCCqGSM49BAMCA0cAMEQCIHsPRZH5fd8d51VFKpBrqdeXyEBPdU9CnrJY
gPZT3YJKAiB8Bg08hFj8LdU4hWjCKwI9iWWWxzsaWSAqdGYyZx61QQ==
-----END CERTIFICATE-----
"
36473bb6-6d91-475f-9fab-fcb2b3febf9d,"-----BEGIN CERTIFICATE-----
MIICBTCCAaugAwIBAgIUaWCcyyjTqlRolSSlym3Drr0/2QowCgYIKoZIzj0EAwIw
RjEYMBYGA1UEAwwPTWF0dGVyIFRlc3QgUEFJMRQwEgYKKwYBBAGConwCAQwERkZG
MjEUMBIGCisGAQQBgqJ8AgIMBDgwMDEwIBcNMjYwNzAyMTExOTMxWhgPMjEyNjA2
MDgxMTE5MzFaMFsxLTArBgNVBAMMJDM2NDczYmI2LTZkOTEtNDc1Zi05ZmFiLWZj
YjJiM2ZlYmY5ZDEUMBIGCisGAQQBgqJ8AgEMBEZGRjIxFDASBgorBgEEAYKifAIC
DAQ4MDAxMFkwEwYHKoZIzj0CAQYIKoZIzj0DAQcDQgAEMNqUcnKRy4YmdAyM2LA9
+/TdxID+ssnTcfLLEOWWxt5SYMmEdqm90+6BE2jKFhcEBqZ7WqvHLhlE9E9Ubccx
R6NgMF4wDAYDVR0TAQH/BAIwADAOBgNVHQ8BAf8EBAMCB4AwHQYDVR0OBBYEFIrq
y7+C/i/OOTy6S2tM+kcmfU99MB8GA1UdIwQYMBaAFNBam2dxoaN6m8Gdlei1249D
ALY6MAoGCCqGSM49BAMCA0gAMEUCIAUwjyQvYYo5UPYjHR/89W89WmfdhbmFWWJV
rP5l7ZomAiEArx8nmggRbwHnoOMoy7pnlkxOBV0E1a1Xb2aEgkAmlas=
-----END CERTIFICATE-----
"
800b6238-5961-47d8-a781-ceeb7083ee66,"-----BEGIN CERTIFICATE-----
MIICBjCCAaugAwIBAgIUATlW7SaZA5NRuzMi9Vd3bHEoxmUwCgYIKoZIzj0EAwIw
RjEYMBYGA1UEAwwPTWF0dGVyIFRlc3QgUEFJMRQwEgYKKwYBBAGConwCAQwERkZG
MjEUMBIGCisGAQQBgqJ8AgIMBDgwMDEwIBcNMjYwNzAyMTExOTMxWhgPMjEyNjA2
MDgxMTE5MzFaMFsxLTArBgNVBAMMJDgwMGI2MjM4LTU5NjEtNDdkOC1hNzgxLWNl
ZWI3MDgzZWU2NjEUMBIGCisGAQQBgqJ8AgEMBEZGRjIxFDASBgorBgEEAYKifAIC
DAQ4MDAxMFkwEwYHKoZIzj0CAQYIKoZIzj0DAQcDQgAEnAS2NCj2kF1ZFOWSHH/u
Lt6r5WP3noRasc8TCgrqSr600R4znMaJa1qpCU9Ny98pKgS/04nZiLeKLHNIwxhB
caNgMF4wDAYDVR0TAQH/BAIwADAOBgNVHQ8BAf8EBAMCB4AwHQYDVR0OBBYEFFs0
K3FvcgGZgj+TCapzRG/z+1yrMB8GA1UdIwQYMBaAFNBam2dxoaN6m8Gdlei1249D
ALY6MAoGCCqGSM49BAMCA0kAMEYCIQCWZNnEZ9jWhkOV7FqiwUNcZyQeYft1bWMe
7dLKo0eKyAIhAOMpXZ5Nu/LWzzTgGe1AHJL7DW4AAU2K+k6szuc5jSkn
-----END CERTIFICATE-----
"
6774ab2f-15f0-46cc-8663-71bd5c8319f8,"-----BEGIN CERTIFICATE-----
MIICBTCCAaugAwIBAgIUYi2oQ/k5usDS9mdjknhSNeFZ4XgwCgYIKoZIzj0EAwIw
RjEYMBYGA1UEAwwPTWF0dGVyIFRlc3QgUEFJMRQwEgYKKwYBBAGConwCAQwERkZG
MjEUMBIGCisGAQQBgqJ8AgIMBDgwMDEwIBcNMjYwNzAyMTExOTMxWhgPMjEyNjA2
MDgxMTE5MzFaMFsxLTArBgNVBAMMJDY3NzRhYjJmLTE1ZjAtNDZjYy04NjYzLTcx
YmQ1YzgzMTlmODEUMBIGCisGAQQBgqJ8AgEMBEZGRjIxFDASBgorBgEEAYKifAIC
DAQ4MDAxMFkwEwYHKoZIzj0CAQYIKoZIzj0DAQcDQgAEB31P99ir/Ti309Cw7hQv
Ffok5B4na+XWnQxu3xfiCgVTaupGR3nBQNMbdpZY4p4aoLxi/RI72In2ziNaxDN4
9aNgMF4wDAYDVR0TAQH/BAIwADAOBgNVHQ8BAf8EBAMCB4AwHQYDVR0OBBYEFFzU
JC7fjERTZ109Oi7Evv3TsHRWMB8GA1UdIwQYMBaAFNBam2dxoaN6m8Gdlei1249D
ALY6MAoGCCqGSM49BAMCA0gAMEUCIA1gpezIv9ujW/sHS10hqyQBhcsG00K4bqy+
fGr0Z9KKAiEAr345bHJs3FH23r1CVIP/cc+oXnEDJmnGTQjaXyADECw=
-----END CERTIFICATE-----
"
6c9e11ec-eab3-46ee-8528-59c11d909900,"-----BEGIN CERTIFICATE-----
MIICBTCCAaugAwIBAgIUYg1V4SZRyWZYZm4pq3JlynjvQEYwCgYIKoZIzj0EAwIw
RjEYMBYGA1UEAwwPTWF0dGVyIFRlc3QgUEFJMRQwEgYKKwYBBAGConwCAQwERkZG
MjEUMBIGCisGAQQBgqJ8AgIMBDgwMDEwIBcNMjYwNzAyMTExOTMxWhgPMjEyNjA2
MDgxMTE5MzFaMFsxLTArBgNVBAMMJDZjOWUxMWVjLWVhYjMtNDZlZS04NTI4LTU5
YzExZDkwOTkwMDEUMBIGCisGAQQBgqJ8AgEMBEZGRjIxFDASBgorBgEEAYKifAIC
DAQ4MDAxMFkwEwYHKoZIzj0CAQYIKoZIzj0DAQcDQgAEk/AM3qmBhXjRCtruQvxe
j9XR+knS7PVlDglb/ReNnt23JbF4GOyvS3veD4AQHCdStQpvV8t8zyXoWblTuKKO
0aNgMF4wDAYDVR0TAQH/BAIwADAOBgNVHQ8BAf8EBAMCB4AwHQYDVR0OBBYEFL9Q
J47Q/sMDTx9ZxAexZKPZCeFVMB8GA1UdIwQYMBaAFNBam2dxoaN6m8Gdlei1249D
ALY6MAoGCCqGSM49BAMCA0gAMEUCIQDa3xt3pCWdY7QPEjQ6hkGHaddz6h1LZ1U+
0PROs+vPXAIgfL3TaRx+Ag/xuVmk1v0y/ZWd9F3WylzKhRemcPOo9Bo=
-----END CERTIFICATE-----
"
5e3d5235-f64b-4559-b853-dc6e5d042f8a,"-----BEGIN CERTIFICATE-----
MIICBTCCAaugAwIBAgIUPl7JGRKK2KVQ2682Qot8qNy+zhkwCgYIKoZIzj0EAwIw
RjEYMBYGA1UEAwwPTWF0dGVyIFRlc3QgUEFJMRQwEgYKKwYBBAGConwCAQwERkZG
MjEUMBIGCisGAQQBgqJ8AgIMBDgwMDEwIBcNMjYwNzAyMTExOTMxWhgPMjEyNjA2
MDgxMTE5MzFaMFsxLTArBgNVBAMMJDVlM2Q1MjM1LWY2NGItNDU1OS1iODUzLWRj
NmU1ZDA0MmY4YTEUMBIGCisGAQQBgqJ8AgEMBEZGRjIxFDASBgorBgEEAYKifAIC
DAQ4MDAxMFkwEwYHKoZIzj0CAQYIKoZIzj0DAQcDQgAEw1SjGH5t9S7gLxRgzLWy
0hYaECXQg5+2g/3bojzgQC7oZxHNYcUePih66tHQLeRq/XOD6i+4Si8oRT0BSspV
yaNgMF4wDAYDVR0TAQH/BAIwADAOBgNVHQ8BAf8EBAMCB4AwHQYDVR0OBBYEFFYm
Rt97iu50AVvZxWekhSMeG8FPMB8GA1UdIwQYMBaAFNBam2dxoaN6m8Gdlei1249D
ALY6MAoGCCqGSM49BAMCA0gAMEUCICn8Njz+jCrvOtHPHg0oWID0W+JctbEr6Q8+
FdYb/nTjAiEAi70VREff2oV6A/pfd4cvvrVek5OfUpnrJnzNIrC2VPM=
-----END CERTIFICATE-----
"
a271ff2a-bf4b-45be-8abb-7388c65daa26,"-----BEGIN CERTIFICATE-----
MIICBTCCAaugAwIBAgIUA7QwyZ2hruDFGWYRCRmm/bMUlLEwCgYIKoZIzj0EAwIw
RjEYMBYGA1UEAwwPTWF0dGVyIFRlc3QgUEFJMRQwEgYKKwYBBAGConwCAQwERkZG
MjEUMBIGCisGAQQBgqJ8AgIMBDgwMDEwIBcNMjYwNzAyMTExOTMxWhgPMjEyNjA2
MDgxMTE5MzFaMFsxLTArBgNVBAMMJGEyNzFmZjJhLWJmNGItNDViZS04YWJiLTcz
ODhjNjVkYWEyNjEUMBIGCisGAQQBgqJ8AgEMBEZGRjIxFDASBgorBgEEAYKifAIC
DAQ4MDAxMFkwEwYHKoZIzj0CAQYIKoZIzj0DAQcDQgAEsjTjW+AdU8GWveFKas2W
iNSAGozzOBtMwQw2TO/3n/2aexDfQkhfPZq+m3rqOVOwF8YAnKza4XnjoYkSL8+T
NaNgMF4wDAYDVR0TAQH/BAIwADAOBgNVHQ8BAf8EBAMCB4AwHQYDVR0OBBYEFOHU
4+S5B0wIiSPubq++4tG0pzCHMB8GA1UdIwQYMBaAFNBam2dxoaN6m8Gdlei1249D
ALY6MAoGCCqGSM49BAMCA0gAMEUCIQCXeAEL4p1jTJRWjr1eH0vX5N8XrQbAm+3p
yn2VH890DAIgV+zAYY5vXgojoEtpLX23a3hBIeanUdRYn3ygVPMXPdI=
-----END CERTIFICATE-----
"
312fe5b5-ddda-4ebb-b87a-bd4aa85ce657,"-----BEGIN CERTIFICATE-----
MIICBDCCAaugAwIBAgIUQVjfnKymOo4vnGkqTPblUn3VG8gwCgYIKoZIzj0EAwIw
RjEYMBYGA1UEAwwPTWF0dGVyIFRlc3QgUEFJMRQwEgYKKwYBBAGConwCAQwERkZG
MjEUMBIGCisGAQQBgqJ8AgIMBDgwMDEwIBcNMjYwNzAyMTExOTMxWhgPMjEyNjA2
MDgxMTE5MzFaMFsxLTArBgNVBAMMJDMxMmZlNWI1LWRkZGEtNGViYi1iODdhLWJk
NGFhODVjZTY1NzEUMBIGCisGAQQBgqJ8AgEMBEZGRjIxFDASBgorBgEEAYKifAIC
DAQ4MDAxMFkwEwYHKoZIzj0CAQYIKoZIzj0DAQcDQgAE3o7oEjiqxZcbSU+88aVF
UcICXNIZTKAJQ87P2u3mj6+beHS7WamjS5Qn37U4KPN++KnVVY+oXH8IF5w+Z5gY
kKNgMF4wDAYDVR0TAQH/BAIwADAOBgNVHQ8BAf8EBAMCB4AwHQYDVR0OBBYEFAJM
FzxQYfdE/gMIdnIG1L0BKYc/MB8GA1UdIwQYMBaAFNBam2dxoaN6m8Gdlei1249D
ALY6MAoGCCqGSM49BAMCA0cAMEQCIA5NH5VvDrcASa2WSd6ofv5OX42BWyVyJxH6
rQsKdw3+AiAx9sfuplG/mW1EDw9iozXpZUHREZTnCAkXASV+0kotjw==
-----END CERTIFICATE-----
"
e96b24cf-b20e-4fff-b550-6e90001b57de,"-----BEGIN CERTIFICATE-----
MIICBDCCAaugAwIBAgIUNZ3JT21ZWbWj9FDXKuQEu+gsDFcwCgYIKoZIzj0EAwIw
RjEYMBYGA1UEAwwPTWF0dGVyIFRlc3QgUEFJMRQwEgYKKwYBBAGConwCAQwERkZG
MjEUMBIGCisGAQQBgqJ8AgIMBDgwMDEwIBcNMjYwNzAyMTExOTMxWhgPMjEyNjA2
MDgxMTE5MzFaMFsxLTArBgNVBAMMJGU5NmIyNGNmLWIyMGUtNGZmZi1iNTUwLTZl
OTAwMDFiNTdkZTEUMBIGCisGAQQBgqJ8AgEMBEZGRjIxFDASBgorBgEEAYKifAIC
DAQ4MDAxMFkwEwYHKoZIzj0CAQYIKoZIzj0DAQcDQgAErqlgIcqhZdOmK/dx4i3O
jxibPJNphcmdGwQXmQqawroNUZhEVTnRlAQ5SrY+boSFJRQrCFVeMUTOvHPLc5Rf
KaNgMF4wDAYDVR0TAQH/BAIwADAOBgNVHQ8BAf8EBAMCB4AwHQYDVR0OBBYEFMzF
l2bDWd7ftVjoQDNp4fETxegTMB8GA1UdIwQYMBaAFNBam2dxoaN6m8Gdlei1249D
ALY6MAoGCCqGSM49BAMCA0cAMEQCICZj5OzC7gNbcSJGBKuFP0EgntNf7gXObCt1
rLiUXxGUAiBIwAxXwiTumyEO2+7JDw3j7GnGvrI2KVYswy9Aimbl2A==
-----END CERTIFICATE-----
"
abf5d481-5f30-43fb-bb56-750e2559e865,"-----BEGIN CERTIFICATE-----
MIICBTCCAaugAwIBAgIUSngnCFL4g7DlWolrFwdIDhqNO+8wCgYIKoZIzj0EAwIw
RjEYMBYGA1UEAwwPTWF0dGVyIFRlc3QgUEFJMRQwEgYKKwYBBAGConwCAQwERkZG
MjEUMBIGCisGAQQBgqJ8AgIMBDgwMDEwIBcNMjYwNzAyMTExOTMxWhgPMjEyNjA2
MDgxMTE5MzFaMFsxLTArBgNVBAMMJGFiZjVkNDgxLTVmMzAtNDNmYi1iYjU2LTc1
MGUyNTU5ZTg2NTEUMBIGCisGAQQBgqJ8AgEMBEZGRjIxFDASBgorBgEEAYKifAIC
DAQ4MDAxMFkwEwYHKoZIzj0CAQYIKoZIzj0DAQcDQgAE34OCJRxJrSi5eIH306EU
T16rNDkRoi34LptjpF3QMOn+/XpOkB0BmTsn/J46LvnReJ32vSeI9XDcL2laDmip
iaNgMF4wDAYDVR0TAQH/BAIwADAOBgNVHQ8BAf8EBAMCB4AwHQYDVR0OBBYEFECM
IdNQ1wYCVgNXBGVLdzOSuYYOMB8GA1UdIwQYMBaAFNBam2dxoaN6m8Gdlei1249D
ALY6MAoGCCqGSM49BAMCA0gAMEUCIQDnnoMDSTEbhJ2zTX63++sEb1bl6fQU7hwh
5MUOQyg0nAIga8/MchVHPoAID9EeQs3DShw92fIgpBmAw+IDflK9L+Q=
-----END CERTIFICATE-----
"
7a3c31a2-24dd-4bf6-979f-29224d4e9cdc,"-----BEGIN CERTIFICATE-----
MIICBDCCAaugAwIBAgIUczgipD6i9av8FjSVzWGRskwz0zUwCgYIKoZIzj0EAwIw
RjEYMBYGA1UEAwwPTWF0dGVyIFRlc3QgUEFJMRQwEgYKKwYBBAGConwCAQwERkZG
MjEUMBIGCisGAQQBgqJ8AgIMBDgwMDEwIBcNMjYwNzAyMTExOTMxWhgPMjEyNjA2
MDgxMTE5MzFaMFsxLTArBgNVBAMMJDdhM2MzMWEyLTI0ZGQtNGJmNi05NzlmLTI5
MjI0ZDRlOWNkYzEUMBIGCisGAQQBgqJ8AgEMBEZGRjIxFDASBgorBgEEAYKifAIC
DAQ4MDAxMFkwEwYHKoZIzj0CAQYIKoZIzj0DAQcDQgAEmXoRcP3GJXrrNXp/YwL2
VS1Pdx5p8peGU/IwRyioaDaD/dsije1PhXClS5sS158BtNgQsOtRZZHqlzzMq0R2
3KNgMF4wDAYDVR0TAQH/BAIwADAOBgNVHQ8BAf8EBAMCB4AwHQYDVR0OBBYEFGAn
PSTcnNQx4SKyFyFsfUewiqZsMB8GA1UdIwQYMBaAFNBam2dxoaN6m8Gdlei1249D
ALY6MAoGCCqGSM49BAMCA0cAMEQCIG9t/pT5cYo7asP1mpzeiAu8LcSyDQwPq1c6
kLZpjoSiAiB8fS/KmaW2ES/pfiWPi+fl/rSKAWTS0aBRKyJ46i0A0g==
-----END CERTIFICATE-----
"
00e4d91e-6eb3-4689-81b1-d3a650af82f7,"-----BEGIN CERTIFICATE-----
MIICBTCCAaugAwIBAgIUAhQz01di8duLoU+4+jkZg1JpOU4wCgYIKoZIzj0EAwIw
RjEYMBYGA1UEAwwPTWF0dGVyIFRlc3QgUEFJMRQwEgYKKwYBBAGConwCAQwERkZG
MjEUMBIGCisGAQQBgqJ8AgIMBDgwMDEwIBcNMjYwNzAyMTExOTMxWhgPMjEyNjA2
MDgxMTE5MzFaMFsxLTArBgNVBAMMJDAwZTRkOTFlLTZlYjMtNDY4OS04MWIxLWQz
YTY1MGFmODJmNzEUMBIGCisGAQQBgqJ8AgEMBEZGRjIxFDASBgorBgEEAYKifAIC
DAQ4MDAxMFkwEwYHKoZIzj0CAQYIKoZIzj0DAQcDQgAEawzulk9EqmBJcUJxQ/W5
TFWC+2/WNe3/1DHuJvusgycAeY2lWeVJANjK5FU3aUEwxc/1tJWrdYm+9nHVTpwW
1aNgMF4wDAYDVR0TAQH/BAIwADAOBgNVHQ8BAf8EBAMCB4AwHQYDVR0OBBYEFGlP
iSKRT8djST7b7MfW60zIAq3qMB8GA1UdIwQYMBaAFNBam2dxoaN6m8Gdlei1249D
ALY6MAoGCCqGSM49BAMCA0gAMEUCIF6TFCYasqFNQlvvL0Y41gskCiBjYdL0Dbh1
wZkurtEAAiEAm7ld7RDSsb9K76K/XcxdHRyC6st6lJWc3+u8cG699s4=
-----END CERTIFICATE-----
"
eec193d2-5511-4c5f-89b1-cae83b9a0d02,"-----BEGIN CERTIFICATE-----
MIICBjCCAaugAwIBAgIUD7zFabvLrsZ5RrHwGRcwJGH8R+cwCgYIKoZIzj0EAwIw
RjEYMBYGA1UEAwwPTWF0dGVyIFRlc3QgUEFJMRQwEgYKKwYBBAGConwCAQwERkZG
MjEUMBIGCisGAQQBgqJ8AgIMBDgwMDEwIBcNMjYwNzAyMTExOTMxWhgPMjEyNjA2
MDgxMTE5MzFaMFsxLTArBgNVBAMMJGVlYzE5M2QyLTU1MTEtNGM1Zi04OWIxLWNh
ZTgzYjlhMGQwMjEUMBIGCisGAQQBgqJ8AgEMBEZGRjIxFDASBgorBgEEAYKifAIC
DAQ4MDAxMFkwEwYHKoZIzj0CAQYIKoZIzj0DAQcDQgAESSA0OCdykbMuYIhSxid+
0tEeNg+RXN3NjwBG10JoYy5o58V3LmZxI3DJgTIgt6w+w58XFtmr8hh6qSVD2WyD
sKNgMF4wDAYDVR0TAQH/BAIwADAOBgNVHQ8BAf8EBAMCB4AwHQYDVR0OBBYEFChU
qtXvlhDhKCVOqf2TGXtxLnRlMB8GA1UdIwQYMBaAFNBam2dxoaN6m8Gdlei1249D
ALY6MAoGCCqGSM49BAMCA0kAMEYCIQCUcOxXDWMTspKDpgFn8o7n/wPNCCcTA3Pw
sgUz1fliCgIhANFtwLlQJxHFuLIBzyf4yaWnLcBH9TXxGoP0ohSmfoDu
-----END CERTIFICATE-----
"
9b429ac7-1ba2-4d5a-9ae8-3954acfec19d,"-----BEGIN CERTIFICATE-----
MIICBjCCAaugAwIBAgIUHw8xxvlpeZTpK7NWmutVW2PyBvMwCgYIKoZIzj0EAwIw
RjEYMBYGA1UEAwwPTWF0dGVyIFRlc3QgUEFJMRQwEgYKKwYBBAGConwCAQwERkZG
MjEUMBIGCisGAQQBgqJ8AgIMBDgwMDEwIBcNMjYwNzAyMTExOTMxWhgPMjEyNjA2
MDgxMTE5MzFaMFsxLTArBgNVBAMMJDliNDI5YWM3LTFiYTItNGQ1YS05YWU4LTM5
NTRhY2ZlYzE5ZDEUMBIGCisGAQQBgqJ8AgEMBEZGRjIxFDASBgorBgEEAYKifAIC
DAQ4MDAxMFkwEwYHKoZIzj0CAQYIKoZIzj0DAQcDQgAE3yq6DkHNLfmG8xkktWF2
ZqhamlsDwb2CJJhPSRyRF3+VP79Zrx6FxESEdt4zSfU0gJ4A8zw9nuAvg8g6WBmn
VaNgMF4wDAYDVR0TAQH/BAIwADAOBgNVHQ8BAf8EBAMCB4AwHQYDVR0OBBYEFJfT
Y/XGEzb2whUOBRSv0FnfLUQJMB8GA1UdIwQYMBaAFNBam2dxoaN6m8Gdlei1249D
ALY6MAoGCCqGSM49BAMCA0kAMEYCIQDeB2OcmEu/OKBNufbt12ZmTUe0kaTQGUdG
tbbY1FKSqQIhAL9Yv7s7MahNHS8X/YlQlpCdoSTk7qWlspmrNNIrss0H
-----END CERTIFICATE-----
"
ef165dd8-ef45-4891-b394-ebb39a0719fd,"-----BEGIN CERTIFICATE-----
MIICBDCCAaugAwIBAgIUaY13YBgsaYjV/c4V+X16Lt1Pbo8wCgYIKoZIzj0EAwIw
RjEYMBYGA1UEAwwPTWF0dGVyIFRlc3QgUEFJMRQwEgYKKwYBBAGConwCAQwERkZG
MjEUMBIGCisGAQQBgqJ8AgIMBDgwMDEwIBcNMjYwNzAyMTExOTMxWhgPMjEyNjA2
MDgxMTE5MzFaMFsxLTArBgNVBAMMJGVmMTY1ZGQ4LWVmNDUtNDg5MS1iMzk0LWVi
YjM5YTA3MTlmZDEUMBIGCisGAQQBgqJ8AgEMBEZGRjIxFDASBgorBgEEAYKifAIC
DAQ4MDAxMFkwEwYHKoZIzj0CAQYIKoZIzj0DAQcDQgAEtMwoiDuJiyIaAKcPsz60
9uJprhvYb5aVZhP4jfKIbL9yyyUTZ28zKf0KUcBsBfVFuoqvqodRFcy/OIbQ4jAX
76NgMF4wDAYDVR0TAQH/BAIwADAOBgNVHQ8BAf8EBAMCB4AwHQYDVR0OBBYEFAnm
j5YpHq7tK0QdQaRfOTJqafMaMB8GA1UdIwQYMBaAFNBam2dxoaN6m8Gdlei1249D
ALY6MAoGCCqGSM49BAMCA0cAMEQCIBsCNefnK0ruW83sCns0rOMQBU4Z92/AIVYh
Vcsy8hL9AiBCIxwHbv4rRqggwg7Br+HDJe3BDXoO2SGSR8qrB2x+rQ==
-----END CERTIFICATE-----
"
4c6817ab-19cd-4b6a-b43e-66634d603671,"-----BEGIN CERTIFICATE-----
MIICBTCCAaugAwIBAgIUG/HWMYg38Hi/VoPnXHGXHbgshNQwCgYIKoZIzj0EAwIw
RjEYMBYGA1UEAwwPTWF0dGVyIFRlc3QgUEFJMRQwEgYKKwYBBAGConwCAQwERkZG
MjEUMBIGCisGAQQBgqJ8AgIMBDgwMDEwIBcNMjYwNzAyMTExOTMxWhgPMjEyNjA2
MDgxMTE5MzFaMFsxLTArBgNVBAMMJDRjNjgxN2FiLTE5Y2QtNGI2YS1iNDNlLTY2
NjM0ZDYwMzY3MTEUMBIGCisGAQQBgqJ8AgEMBEZGRjIxFDASBgorBgEEAYKifAIC
DAQ4MDAxMFkwEwYHKoZIzj0CAQYIKoZIzj0DAQcDQgAERy0Fbp3x0rB16hpX0rVp
yTez0iwm4R1kYY9xDXKFBdI9x519y7TekmI2ZYBxNRjxrzCCC/NUcZ2gkfvCTgcg
cKNgMF4wDAYDVR0TAQH/BAIwADAOBgNVHQ8BAf8EBAMCB4AwHQYDVR0OBBYEFKUn
RKJlTF7LEsTLDhoNNwMr40qNMB8GA1UdIwQYMBaAFNBam2dxoaN6m8Gdlei1249D
ALY6MAoGCCqGSM49BAMCA0gAMEUCICCH1bVxTsfW2Hm1gHv14iaEX6z5bJ7QP4tf
LT4z6cfcAiEAp/zJmq+ebHx1qW5ScMAibML/oq5VU6BSgYElJj6CeGA=
-----END CERTIFICATE-----
"
38b80b6c-8872-4f7c-9cd4-1c63c18b979d,"-----BEGIN CERTIFICATE-----
MIICBTCCAaugAwIBAgIUA/svqbR7tmGpr7qap9w4sBfIolYwCgYIKoZIzj0EAwIw
RjEYMBYGA1UEAwwPTWF0dGVyIFRlc3QgUEFJMRQwEgYKKwYBBAGConwCAQwERkZG
MjEUMBIGCisGAQQBgqJ8AgIMBDgwMDEwIBcNMjYwNzAyMTExOTMxWhgPMjEyNjA2
MDgxMTE5MzFaMFsxLTArBgNVBAMMJDM4YjgwYjZjLTg4NzItNGY3Yy05Y2Q0LTFj
NjNjMThiOTc5ZDEUMBIGCisGAQQBgqJ8AgEMBEZGRjIxFDASBgorBgEEAYKifAIC
DAQ4MDAxMFkwEwYHKoZIzj0CAQYIKoZIzj0DAQcDQgAEHuqwdsZcNba4M+nIgJuV
9pFNFQhJ2chtBulPbX9rKLJnM4aYMtqI1iYaDPH+DlPyQMk/WTfW+zw9kxir2OBN
9qNgMF4wDAYDVR0TAQH/BAIwADAOBgNVHQ8BAf8EBAMCB4AwHQYDVR0OBBYEFFqO
pybetl1rtbJnqXF7XjJsDO/yMB8GA1UdIwQYMBaAFNBam2dxoaN6m8Gdlei1249D
ALY6MAoGCCqGSM49BAMCA0gAMEUCIQDP/7bB5ktxcXN4SUF7289pdwSK5azMwILR
dc7hDJhCXgIgbesnLGAvYtLajQdK7ZNkrjlTMlcCLVa8wKN8as1v7P0=
-----END CERTIFICATE-----
"
02e891c5-f7bb-4492-b230-a84f3a7943f8,"-----BEGIN CERTIFICATE-----
MIICBjCCAaugAwIBAgIUD/8if4dO5cxHiJOIGft8K9LW/C4wCgYIKoZIzj0EAwIw
RjEYMBYGA1UEAwwPTWF0dGVyIFRlc3QgUEFJMRQwEgYKKwYBBAGConwCAQwERkZG
MjEUMBIGCisGAQQBgqJ8AgIMBDgwMDEwIBcNMjYwNzAyMTExOTMxWhgPMjEyNjA2
MDgxMTE5MzFaMFsxLTArBgNVBAMMJDAyZTg5MWM1LWY3YmItNDQ5Mi1iMjMwLWE4
NGYzYTc5NDNmODEUMBIGCisGAQQBgqJ8AgEMBEZGRjIxFDASBgorBgEEAYKifAIC
DAQ4MDAxMFkwEwYHKoZIzj0CAQYIKoZIzj0DAQcDQgAEjgxUG5aKUTe1oM7KNPhG
acsnt6ZSOR2w2fAzq02qQyYP3SM705PQm7OUa7HsnY7p9tpYO+XXh/ZDWw1dxSy5
7aNgMF4wDAYDVR0TAQH/BAIwADAOBgNVHQ8BAf8EBAMCB4AwHQYDVR0OBBYEFLO2
A5FYN03lvOSgraUIvooo39HYMB8GA1UdIwQYMBaAFNBam2dxoaN6m8Gdlei1249D
ALY6MAoGCCqGSM49BAMCA0kAMEYCIQCwy5ZnvCwhcngWHQq9XrEib8T7Rm2x/BCs
B3oNtoiBfgIhAILiBeKDX+WMHi5J2fBC1aNy6YzTD1fIDTImmmwxZMIT
-----END CERTIFICATE-----
"
